|IndustrySectorName|Summarized_News|senti_finbert_score|senti_dist_score
0|Automotive|General Motors CEO Mary Barra expressed frustration with the autoworker strike and urged UAW leadership to return to negotiations, highlighting the company's offer of pay raises, job security, and healthcare. GM, Ford, and Stellantis are in contract negotiations with the UAW, seeking pay increases and a 'just transition' for workers. Tesla has made breakthroughs in EV manufacturing with innovative techniques like gigacasting and 3D printing. Cox Automotive reports a potential bottoming out of wholesale used vehicle prices, with a slow recovery expected. Hyundai plans to maintain diesel variants in India, emphasizing strong demand for larger SUVs. Mercedes-Benz and BMW unveiled new concept electric vehicles, while GM announced plans for an electrified Chevrolet Corvette. BMW introduced the i7, an electric version of its flagship 7 Series sedan, aligning with GM's goal of producing only zero-emission vehicles by 2035. The industry is navigating shifts towards electrification and labor negotiations amid evolving market demands and sustainability goals.|negative|neutral
1|Basic Materials|China, the top urea producer, has restricted urea exports due to price spikes, leading to half a million tons stuck at ports. India, a major urea importer, seeks new suppliers. Industry leaders stress the value of motivating staff and fostering trust. Financial factors influence business location choices. The urea export curb impacts global fertilizer markets, underscoring the significance of supply chain disruptions and employee-centric management approaches in the broader industry landscape.|negative|negative
2|Consumer Goods|Paqui, known for the ultra-spicy C/One Chip Challenge, is removing the product from shelves after a possible link to a teenager's death. BAT exits Russia, Nissin launches caffeinated Cup Noodles for gamers in Japan, and Mattel introduces Barbie Women in Sports dolls. The Gates Foundation Trust invests in Anheuser-Busch and Heineken. Mattel aims to create a diverse universe like Marvel, while Dermalogica's co-founder shares wisdom. Origin by Ocean and Nordic Seafarm innovate with seaweed products. Bill Shufelt of Athletic Brewing Company shares business insights, and Mohamed Al Fayed passes away.|negative|neutral
3|Consumer Services|Former Starbucks CEO Howard Schultz is stepping down from the board, with Wei Zhang, a former Alibaba executive, taking his place to aid Starbucks in its Chinese business rebound. Beyoncé's call for silver attire at a concert boosted Etsy searches, benefiting small businesses. Concert tours by Beyoncé and Taylor Swift fueled post-pandemic spending. Burger King and McDonald's face lawsuits over burger size discrepancies. The G20's inclusion of the African Union aims to empower African countries in global economic discussions for inclusive growth.|neutral|neutral
4|Energy|India's Union Power Minister plans to add 25-30 GW of thermal electricity capacity, but a renewable energy project could potentially eliminate the need for it. India aims to become a major green hydrogen and ammonia producer. The government received Rs 5,830 crore in dividends from major companies. The Delhi High Court is investigating fraud allegations against Reliance Industries. India's solar imports from China have dropped by 80%. Strike action at Chevron's Australian LNG plants has impacted global supplies. ONGC plans to invest in OPaL, affecting GAIL. India's coal use for electricity has increased due to high demand. Russia's crude oil exports to India decreased, benefiting Saudi Arabia. PM Modi stresses energy mix diversity. Narrowboat dwellers in London face energy management challenges. India is making strides in renewable energy and climate targets.|neutral|positive
5|Financial|JPMorgan Chase partners with Gusto for digital payroll services, Citigroup undergoes reorganization for efficiency, tech companies like Arm and Instacart file for IPOs, and IDBI Bank's asset valuer appointment sparks controversy. China implements stimulus measures to boost property market and Fidelity reports growth in 401(k) balances. Silicon Valley Bank CEO and Beauty Pie CEO offer entrepreneurial advice. The industry sees a mix of challenges and opportunities amidst changing economic landscapes.|negative|neutral
6|Financial Services|Goldman Sachs is a key advisor for tech IPOs like Instacart and Klaviyo, but concerns surround Arm's IPO. Daiwa plans to expand in India through Ambit, citing economic opportunities. State Bank of India's Yono app will expand globally, while Investcorp sells its stake in Safari Industries. Birmingham City Council faces financial challenges, and IDBI Bank challenges the Sony-Zee merger. Paytm launches a sound box for card payments, and SBI integrates digital rupee with UPI. The IRS promotes tax-free student loan benefits, and NatWest's CEO resigns over a mistake regarding Nigel Farage. These developments reflect the dynamic landscape of finance, technology, and regulatory challenges in the industry.|negative|neutral
7|Government|Birmingham City Council faces a financial crisis due to £760 million in equal pay claims, leading to a de facto bankruptcy declaration. The council has ceased nonessential spending and grapples with funding cuts and governance issues. The UK government seeks transparency in taxpayer money use. The council plans a new job model to tackle the equal pay liabilities. This situation underscores broader challenges in local government finance and accountability.|negative|negative
8|Healthcare|"Tenet Medcorp is investing Rs.100 crore in Karnataka to expand its diagnostic chain, aiming to have 15 centers in Bengaluru by 2025, creating 1500 jobs. This move aligns with the projected growth of the Indian diagnostic services market to $43.57 billion by 2030, indicating a strategic opportunity for Tenet Medcorp to tap into a burgeoning sector. 

Philips Respironics has agreed to a $479 million settlement over health risks from its CPAP sleep apnea machines, recalling 10.8 million devices due to toxic foam issues. This settlement highlights the importance of product safety and consumer protection in the healthcare industry.

Billionaire activist investor Carl Icahn's support for Illumina's new CEO, Jacob Thaysen, comes after a proxy battle, potentially signaling a new direction for the company post-acquisition disputes. Thaysen's background in enhancing operational efficiency could be a positive factor for Illumina's future performance.

Moderna's updated COVID-19 vaccine has shown effectiveness against the BA.2.86 subvariant, offering hope for continued protection against evolving strains. This development underscores the importance of ongoing research and adaptation in the fight against the pandemic.

The FDA's extension of expiration dates for at-home Covid tests addresses accessibility concerns post-public health emergency, emphasizing the need for accurate testing amid evolving variants. This regulatory flexibility aims to ensure continued availability of reliable testing options for the public.

Biocon's acquisition of Eywa Pharma Inc's manufacturing facility in the US for $7.7 million enhances its production capacity and market presence, reflecting a strategic move to strengthen its position in the pharmaceutical industry."|positive|positive
9|Industrial|President Biden visited Auburn Manufacturing in Maine to demonstrate the success of his economic agenda, emphasizing the growth in blue-collar jobs. The Federal Reserve's interest rate hike, the highest in over two decades, has sparked concerns about its impact on the manufacturing sector. Despite recent federal funding boosting the industry and creating growth opportunities, challenges persist, including weakening consumer demand and hiring difficulties. The industry's resilience and ability to navigate these challenges will be crucial in maintaining its momentum amidst economic shifts.|positive|positive
10|Media and Entertainment|"Viacom18 is investing heavily in sports properties like the IPL, aiming to drive consumers from linear TV to digital platforms, particularly connected TV. The company's CEO is optimistic about CTV's growth potential. Disney's legal battle with Florida's governor focuses on alleged political retaliation, while Comcast and Disney are set to discuss Hulu ownership. The NFL sees a surge in betting interest, with major players benefiting from legalized sports betting. Disney's CEO succession faced challenges, NPR's CEO is retiring amidst financial difficulties, and Viacom18 secures exclusive cricket media rights. Gannett suspends AI tool for sports articles, Netflix expands into gaming, and Warner Bros.' ""Barbie"" becomes its highest-grossing release. The SAG-AFTRA strike boosts actors' Cameo accounts, and Alan Walker allows fans to invest in his music through Corite, highlighting evolving trends in the entertainment industry."|neutral|neutral
11|Others|Former Reserve Bank of India Governor C Rangarajan highlighted India's achievement as the world's fifth-largest economy but stressed the urgency for accelerated economic growth to boost per capita income. He called for a clear roadmap post-Covid-19 and the Russia-Ukraine conflict, emphasizing the need to raise growth rates, adopt new technologies, and enhance skilled manpower. In China, recent data indicates a stabilization in growth, with positive trends in industrial production and retail sales, despite a lingering property crisis impacting economic expansion. The Chinese government has taken steps like reducing the reserve requirement ratio to support recovery, but caution is advised due to the ongoing challenges. These developments underscore the importance of strategic planning and adaptability in navigating global economic uncertainties.|positive|positive
12|Pharmaceutical|Danco Laboratories seeks Supreme Court review on mifepristone legality amid Fifth Circuit restrictions, potentially increasing barriers to medication access. Bain Capital eyes joint bid with Dr Reddys Laboratories to acquire Cipla from the Hamied family, aiming to bolster competition and create a major Indian pharma entity with limited overlap. This move could reshape the industry landscape.|positive|negative
13|Real Estate|Brookfield Asset Management's $558 million investment in The Leela Palaces Hotels Resorts has bolstered the company's financial foundation, facilitating growth opportunities. The partnership has fueled expansion, with a new palace in Jaipur and plans for further development in Mumbai and other areas. Leela's global acclaim as the world's top hotel by Travel and Leisure underscores the investment's success. Anticipated revenue growth signals a promising outlook for the business, showcasing the positive impact of strategic investments in the hospitality industry.|positive|positive
14|Retail|Kroger, the US supermarket chain, reported a net loss of $180m in its fiscal second quarter, attributed to a $1.4bn charge related to opioid crisis settlements. Other retail pharmacy chains like Walgreens, CVS, and Walmart have also settled nationwide. Walmart reduced starting wages for new store employees but raised wages for 50,000 others. Lululemon saw strong growth, while Dollar General issued a lower outlook due to weak consumer spending. Despite inflation, retail spending remains resilient. Tiffany and Co's NYC store caught fire, and wildfires outside LA caused damage. Frasers Group CEO targets luxury customers, leading to revenue growth, despite differing views with Mike Ashley. The industry reflects challenges from legal issues, wage adjustments, consumer trends, and strategic shifts in the luxury market.|negative|negative
15|Technology|"Pre-orders for Apple's new iPhone 15 series, Watch Series 9, and AirPods Pro 2nd-Gen have begun in India, with availability starting on September 22. The 'Make in India' iPhone 15 will be released globally on the same day, offering various display sizes, colors, and storage capacities starting at Rs 79,900. Apple is focusing on a trade-in program to boost sales, aiming to capture over 50% of smartphone sales in India this year. The iPhone 15 Pro Max is in high demand, with delivery times slipping into October, while lower-end models are not facing delays.

Apple is addressing concerns about electromagnetic radiation in France with a software update for iPhone 12 users. The company is disputing regulatory reviews and providing lab results to support compliance. Meanwhile, Apple's switch to USB-C charging aligns with EU legislation, promoting a universal charging system. In other news, Google has settled with California over data collection allegations, and Twitter's parent company, X, is embroiled in legal battles over content moderation laws.

The industry context reveals Apple's strategic pricing and marketing efforts in India, challenges with iPhone pricing disparities, and concerns over iPhone radiation in Europe. The broader tech landscape includes regulatory actions against major players like Google and Twitter, as well as advancements in renewable energy and semiconductor manufacturing. The shift towards USB-C charging and the impact of e-waste, along with geopolitical tensions affecting Apple's market share, underscore the complex dynamics shaping the industry."|positive|neutral
16|Telecommunications|Reliance Jio has applied to the Department of Telecommunications to expand the use of E-band spectrum for mobile services, blurring the distinction between backhaul and mobile use. The move anticipates a consultation paper by Trai on spectrum allocation. Jio also seeks flexible spectrum use between satellite and terrestrial networks, inspired by New Zealand's dual-use policy. This request reflects the evolving technology landscape and ongoing debates on spectrum allocation, with satcom firms and telecom operators advocating different approaches. Jio's push for spectrum flexibility aligns with global trends and highlights the need for adaptable regulatory frameworks in the telecom industry.|positive|positive
17|Transportation|Airlines are navigating a complex landscape of rising costs, labor deals, and changing consumer demands. Strategies like charging fees for priority boarding and checked bags have boosted revenue but led to operational challenges. Companies like Delta and American are revising profit forecasts due to fuel costs and labor agreements, impacting industry profitability. Amidst this, airlines are adjusting loyalty programs and services to manage costs and enhance customer experience. The industry is also witnessing a shift towards electric aircraft and sustainable shipping solutions, reflecting a broader trend towards environmental consciousness. Additionally, regulatory efforts to enhance consumer transparency and recent developments like the arrest of Jet Airways' founder highlight the ongoing evolution and challenges within the aviation sector.|neutral|neutral
18|Utilities|India's power ministry mandates power plants to import 4% of coal for blending to ensure stock levels and meet demand amidst a 10.7 GW power shortage. The move is prompted by dry weather and coal capacity constraints. Additionally, discussions are ongoing to revive gas-based power to tackle nighttime supply challenges. This highlights the industry's efforts to address power deficits through strategic measures like coal blending and diversification of energy sources.|neutral|neutral
